
<entities xmlns:xsi="http://www.w3.org/2001/XMLSchema-instance" xmlns:xsd="http://www.w3.org/2001/XMLSchema" timestamp="29/08/2018 18:18:59">
  <entity name="new_searchengine" displayname="Search Engine">
    <records>
      <record id="82d1b89d-aeab-e811-a969-000d3a1bece3">
        <field name="new_name" value="Google" />
        <field name="new_url" value="https://google.com" />
      </record>
      <record id="43f7f49c-aeab-e811-a965-000d3a1bef07">
        <field name="new_name" value="Bing" />
        <field name="new_url" value="https://bing.com" />
      </record>
    </records>
    <m2mrelationships />
  </entity>
</entities>